,Word,Negative
9,ABANDON,1
10,ABANDONED,1
11,ABANDONING,1
12,ABANDONMENT,1
13,ABANDONMENTS,1
14,ABANDONS,1
51,ABDICATED,1
52,ABDICATES,1
53,ABDICATING,1
54,ABDICATION,1
55,ABDICATIONS,1
70,ABERRANT,1
71,ABERRATION,1
72,ABERRATIONAL,1
73,ABERRATIONS,1
79,ABETTING,1
138,ABNORMAL,1
139,ABNORMALITIES,1
140,ABNORMALITY,1
141,ABNORMALLY,1
145,ABOLISH,1
146,ABOLISHED,1
147,ABOLISHES,1
148,ABOLISHING,1
213,ABROGATE,1
214,ABROGATED,1
215,ABROGATES,1
216,ABROGATING,1
217,ABROGATION,1
218,ABROGATIONS,1
221,ABRUPT,1
224,ABRUPTLY,1
225,ABRUPTNESS,1
247,ABSENCE,1
248,ABSENCES,1
252,ABSENTEEISM,1
340,ABUSE,1
341,ABUSED,1
344,ABUSES,1
345,ABUSING,1
346,ABUSIVE,1
347,ABUSIVELY,1
348,ABUSIVENESS,1
432,ACCIDENT,1
433,ACCIDENTAL,1
434,ACCIDENTALLY,1
436,ACCIDENTS,1
574,ACCUSATION,1
575,ACCUSATIONS,1
579,ACCUSE,1
580,ACCUSED,1
583,ACCUSES,1
584,ACCUSING,1
678,ACQUIESCE,1
679,ACQUIESCED,1
684,ACQUIESCES,1
685,ACQUIESCING,1
706,ACQUIT,1
707,ACQUITS,1
708,ACQUITTAL,1
709,ACQUITTALS,1
712,ACQUITTED,1
713,ACQUITTING,1
1113,ADULTERATE,1
1114,ADULTERATED,1
1116,ADULTERATING,1
1117,ADULTERATION,1
1118,ADULTERATIONS,1
1169,ADVERSARIAL,1
1170,ADVERSARIES,1
1171,ADVERSARY,1
1172,ADVERSE,1
1173,ADVERSELY,1
1178,ADVERSITIES,1
1179,ADVERSITY,1
1400,AFTERMATH,1
1401,AFTERMATHS,1
1419,AGAINST,1
1468,AGGRAVATE,1
1469,AGGRAVATED,1
1470,AGGRAVATES,1
1471,AGGRAVATING,1
1473,AGGRAVATION,1
1474,AGGRAVATIONS,1
1756,ALERTED,1
1757,ALERTING,1
1789,ALIENATE,1
1790,ALIENATED,1
1791,ALIENATES,1
1792,ALIENATING,1
1793,ALIENATION,1
1794,ALIENATIONS,1
1850,ALLEGATION,1
1851,ALLEGATIONS,1
1852,ALLEGE,1
1853,ALLEGED,1
1854,ALLEGEDLY,1
1855,ALLEGES,1
1858,ALLEGING,1
2683,ANNOY,1
2684,ANNOYANCE,1
2685,ANNOYANCES,1
2686,ANNOYED,1
2687,ANNOYING,1
2689,ANNOYS,1
2706,ANNUL,1
2708,ANNULLED,1
2709,ANNULLING,1
2710,ANNULMENT,1
2711,ANNULMENTS,1
2712,ANNULS,1
2730,ANOMALIES,1
2731,ANOMALOUS,1
2732,ANOMALOUSLY,1
2733,ANOMALY,1
2869,ANTICOMPETITIVE,1
2987,ANTITRUST,1
3562,ARGUE,1
3563,ARGUED,1
3567,ARGUING,1
3568,ARGUMENT,1
3571,ARGUMENTATIVE,1
3575,ARGUMENTS,1
3690,ARREARAGE,1
3691,ARREARAGES,1
3692,ARREARS,1
3693,ARREST,1
3694,ARRESTED,1
3697,ARRESTS,1
3784,ARTIFICIALLY,1
3961,ASSAULT,1
3962,ASSAULTED,1
3963,ASSAULTING,1
3964,ASSAULTS,1
3994,ASSERTIONS,1
4357,ATTRITION,1
4642,AVERSELY,1
4860,BACKDATING,1
5020,BAD,1
5088,BAIL,1
5099,BAILOUT,1
5166,BALK,1
5167,BALKED,1
5339,BANKRUPT,1
5340,BANKRUPTCIES,1
5341,BANKRUPTCY,1
5342,BANKRUPTED,1
5343,BANKRUPTING,1
5344,BANKRUPTS,1
5363,BANS,1
5560,BARRED,1
5580,BARRIER,1
5581,BARRIERS,1
8237,BOTTLENECK,1
8240,BOTTLENECKS,1
8379,BOYCOTT,1
8380,BOYCOTTED,1
8381,BOYCOTTING,1
8382,BOYCOTTS,1
8578,BREACH,1
8579,BREACHED,1
8580,BREACHES,1
8581,BREACHING,1
8603,BREAK,1
8606,BREAKAGE,1
8607,BREAKAGES,1
8610,BREAKDOWN,1
8611,BREAKDOWNS,1
8622,BREAKING,1
8629,BREAKS,1
8721,BRIBE,1
8722,BRIBED,1
8724,BRIBERIES,1
8726,BRIBERY,1
8727,BRIBES,1
8728,BRIBING,1
8749,BRIDGE,1
8935,BROKEN,1
9435,BURDEN,1
9436,BURDENED,1
9437,BURDENING,1
9438,BURDENS,1
9439,BURDENSOME,1
9510,BURNED,1
9936,CALAMITIES,1
9937,CALAMITOUS,1
9939,CALAMITY,1
10202,CANCEL,1
10206,CANCELED,1
10209,CANCELING,1
10211,CANCELLATION,1
10212,CANCELLATIONS,1
10213,CANCELLED,1
10216,CANCELLING,1
10218,CANCELS,1
10646,CARELESS,1
10647,CARELESSLY,1
10648,CARELESSNESS,1
11032,CATASTROPHE,1
11033,CATASTROPHES,1
11034,CATASTROPHIC,1
11035,CATASTROPHICALLY,1
11197,CAUTION,1
11198,CAUTIONARY,1
11199,CAUTIONED,1
11200,CAUTIONING,1
11201,CAUTIONS,1
11260,CEASE,1
11261,CEASED,1
11268,CEASES,1
11269,CEASING,1
11371,CENSURE,1
11372,CENSURED,1
11375,CENSURES,1
11376,CENSURING,1
11595,CHALLENGE,1
11596,CHALLENGED,1
11599,CHALLENGES,1
11600,CHALLENGING,1
11773,CHARGEOFFS,1
12699,CIRCUMVENT,1
12700,CIRCUMVENTED,1
12701,CIRCUMVENTING,1
12702,CIRCUMVENTION,1
12703,CIRCUMVENTIONS,1
12704,CIRCUMVENTS,1
12784,CLAIMING,1
12785,CLAIMS,1
12941,CLAWBACK,1
13205,CLOSED,1
13212,CLOSEOUT,1
13213,CLOSEOUTS,1
13224,CLOSING,1
13225,CLOSINGS,1
13226,CLOSURE,1
13227,CLOSURES,1
13574,COERCE,1
13575,COERCED,1
13578,COERCES,1
13579,COERCING,1
13580,COERCION,1
13582,COERCIVE,1
13766,COLLAPSE,1
13767,COLLAPSED,1
13768,COLLAPSES,1
13770,COLLAPSING,1
13849,COLLISION,1
13850,COLLISIONS,1
13869,COLLUDE,1
13870,COLLUDED,1
13871,COLLUDES,1
13872,COLLUDING,1
13873,COLLUSION,1
13874,COLLUSIONS,1
13875,COLLUSIVE,1
14379,COMPLAIN,1
14382,COMPLAINED,1
14385,COMPLAINING,1
14386,COMPLAINS,1
14387,COMPLAINT,1
14388,COMPLAINTS,1
14425,COMPLICATE,1
14426,COMPLICATED,1
14428,COMPLICATES,1
14429,COMPLICATING,1
14430,COMPLICATION,1
14431,COMPLICATIONS,1
14521,COMPULSION,1
14570,CONCEALED,1
14573,CONCEALING,1
14577,CONCEDE,1
14578,CONCEDED,1
14579,CONCEDES,1
14580,CONCEDING,1
14615,CONCERN,1
14616,CONCERNED,1
14618,CONCERNS,1
14651,CONCILIATING,1
14652,CONCILIATION,1
14653,CONCILIATIONS,1
14727,CONDEMN,1
14728,CONDEMNATION,1
14729,CONDEMNATIONS,1
14731,CONDEMNED,1
14734,CONDEMNING,1
14736,CONDEMNS,1
14780,CONDONE,1
14781,CONDONED,1
14858,CONFESS,1
14859,CONFESSED,1
14861,CONFESSES,1
14862,CONFESSING,1
14863,CONFESSION,1
14896,CONFINE,1
14897,CONFINED,1
14898,CONFINEMENT,1
14899,CONFINEMENTS,1
14900,CONFINES,1
14901,CONFINING,1
14910,CONFISCATE,1
14911,CONFISCATED,1
14912,CONFISCATES,1
14913,CONFISCATING,1
14914,CONFISCATION,1
14915,CONFISCATIONS,1
14927,CONFLICT,1
14928,CONFLICTED,1
14929,CONFLICTING,1
14930,CONFLICTS,1
14960,CONFRONT,1
14961,CONFRONTATION,1
14962,CONFRONTATIONAL,1
14963,CONFRONTATIONS,1
14964,CONFRONTED,1
14965,CONFRONTING,1
14966,CONFRONTS,1
14967,CONFUSE,1
14968,CONFUSED,1
14970,CONFUSES,1
14971,CONFUSING,1
14972,CONFUSINGLY,1
14973,CONFUSION,1
15301,CONSPIRACIES,1
15302,CONSPIRACY,1
15303,CONSPIRATOR,1
15304,CONSPIRATORIAL,1
15306,CONSPIRATORS,1
15307,CONSPIRE,1
15308,CONSPIRED,1
15309,CONSPIRES,1
15310,CONSPIRING,1
15488,CONTEMPT,1
15496,CONTEND,1
15497,CONTENDED,1
15501,CONTENDING,1
15503,CONTENDS,1
15510,CONTENTION,1
15511,CONTENTIONS,1
15512,CONTENTIOUS,1
15513,CONTENTIOUSLY,1
15528,CONTESTED,1
15529,CONTESTING,1
15597,CONTRACTION,1
15598,CONTRACTIONS,1
15607,CONTRADICT,1
15608,CONTRADICTED,1
15609,CONTRADICTING,1
15610,CONTRADICTION,1
15611,CONTRADICTIONS,1
15612,CONTRADICTORY,1
15613,CONTRADICTS,1
15638,CONTRARY,1
15684,CONTROVERSIAL,1
15686,CONTROVERSIES,1
15687,CONTROVERSY,1
15798,CONVICT,1
15799,CONVICTED,1
15800,CONVICTING,1
15801,CONVICTION,1
15802,CONVICTIONS,1
16147,CORRECTED,1
16150,CORRECTING,1
16151,CORRECTION,1
16153,CORRECTIONS,1
16159,CORRECTS,1
16206,CORRUPT,1
16207,CORRUPTED,1
16213,CORRUPTING,1
16214,CORRUPTION,1
16215,CORRUPTIONS,1
16217,CORRUPTLY,1
16218,CORRUPTNESS,1
16316,COSTLY,1
16421,COUNTERCLAIM,1
16422,COUNTERCLAIMED,1
16423,COUNTERCLAIMING,1
16424,COUNTERCLAIMS,1
16432,COUNTERFEIT,1
16433,COUNTERFEITED,1
16434,COUNTERFEITER,1
16435,COUNTERFEITERS,1
16436,COUNTERFEITING,1
16437,COUNTERFEITS,1
16451,COUNTERMEASURE,1
16452,COUNTERMEASURES,1
17085,CRIME,1
17086,CRIMES,1
17087,CRIMINAL,1
17092,CRIMINALLY,1
17093,CRIMINALS,1
17125,CRISES,1
17126,CRISIS,1
17149,CRITICAL,1
17151,CRITICALLY,1
17152,CRITICISM,1
17153,CRITICISMS,1
17154,CRITICIZE,1
17155,CRITICIZED,1
17158,CRITICIZES,1
17159,CRITICIZING,1
17337,CRUCIAL,1
17338,CRUCIALLY,1
17571,CULPABILITY,1
17572,CULPABLE,1
17573,CULPABLY,1
17605,CUMBERSOME,1
17774,CURTAIL,1
17775,CURTAILED,1
17776,CURTAILING,1
17777,CURTAILMENT,1
17778,CURTAILMENTS,1
17779,CURTAILS,1
17852,CUT,1
17856,CUTBACK,1
17857,CUTBACKS,1
17906,CYBERATTACK,1
17907,CYBERATTACKS,1
17908,CYBERBULLYING,1
17909,CYBERCRIME,1
17910,CYBERCRIMES,1
17911,CYBERCRIMINAL,1
17912,CYBERCRIMINALS,1
18096,DAMAGE,1
18098,DAMAGED,1
18099,DAMAGES,1
18100,DAMAGING,1
18122,DAMPEN,1
18123,DAMPENED,1
18170,DANGER,1
18171,DANGEROUS,1
18172,DANGEROUSLY,1
18173,DANGERS,1
18386,DEADLOCK,1
18387,DEADLOCKED,1
18388,DEADLOCKING,1
18389,DEADLOCKS,1
18395,DEADWEIGHT,1
18396,DEADWEIGHTS,1
18463,DEBARMENT,1
18464,DEBARMENTS,1
18465,DEBARRED,1
18595,DECEASED,1
18600,DECEIT,1
18601,DECEITFUL,1
18603,DECEITFULNESS,1
18606,DECEIVE,1
18607,DECEIVED,1
18610,DECEIVES,1
18611,DECEIVING,1
18633,DECEPTION,1
18634,DECEPTIONS,1
18635,DECEPTIVE,1
18636,DECEPTIVELY,1
18717,DECLINE,1
18718,DECLINED,1
18721,DECLINES,1
18722,DECLINING,1
18911,DEFACE,1
18912,DEFACED,1
18913,DEFACEMENT,1
18925,DEFAMATION,1
18926,DEFAMATIONS,1
18927,DEFAMATORY,1
18928,DEFAME,1
18929,DEFAMED,1
18932,DEFAMES,1
18933,DEFAMING,1
18934,DEFAULT,1
18935,DEFAULTED,1
18938,DEFAULTING,1
18939,DEFAULTS,1
18947,DEFEAT,1
18948,DEFEATED,1
18951,DEFEATING,1
18956,DEFEATS,1
18963,DEFECT,1
18968,DEFECTIVE,1
18976,DEFECTS,1
18979,DEFEND,1
18981,DEFENDANT,1
18982,DEFENDANTS,1
18983,DEFENDED,1
18986,DEFENDING,1
18987,DEFENDS,1
18998,DEFENSIVE,1
19003,DEFER,1
19027,DEFICIENCIES,1
19028,DEFICIENCY,1
19029,DEFICIENT,1
19030,DEFICIT,1
19031,DEFICITS,1
19113,DEFRAUD,1
19114,DEFRAUDED,1
19117,DEFRAUDING,1
19118,DEFRAUDS,1
19141,DEFUNCT,1
19163,DEGRADATION,1
19164,DEGRADATIONS,1
19165,DEGRADE,1
19166,DEGRADED,1
19167,DEGRADES,1
19168,DEGRADING,1
19233,DELAY,1
19234,DELAYED,1
19238,DELAYING,1
19239,DELAYS,1
19257,DELETERIOUS,1
19275,DELIBERATE,1
19276,DELIBERATED,1
19277,DELIBERATELY,1
19316,DELINQUENCIES,1
19317,DELINQUENCY,1
19318,DELINQUENT,1
19319,DELINQUENTLY,1
19320,DELINQUENTS,1
19334,DELIST,1
19335,DELISTED,1
19336,DELISTING,1
19338,DELISTS,1
19449,DEMISE,1
19450,DEMISED,1
19451,DEMISES,1
19452,DEMISING,1
19490,DEMOLISH,1
19491,DEMOLISHED,1
19492,DEMOLISHES,1
19493,DEMOLISHING,1
19494,DEMOLITION,1
19495,DEMOLITIONS,1
19532,DEMOTE,1
19533,DEMOTED,1
19534,DEMOTES,1
19536,DEMOTING,1
19537,DEMOTION,1
19538,DEMOTIONS,1
19580,DENIAL,1
19581,DENIALS,1
19582,DENIED,1
19585,DENIES,1
19586,DENIGRATE,1
19587,DENIGRATED,1
19588,DENIGRATES,1
19589,DENIGRATING,1
19590,DENIGRATION,1
19661,DENY,1
19662,DENYING,1
19725,DEPLETE,1
19726,DEPLETED,1
19727,DEPLETES,1
19728,DEPLETING,1
19729,DEPLETION,1
19730,DEPLETIONS,1
19801,DEPRECATION,1
19813,DEPRESS,1
19816,DEPRESSED,1
19817,DEPRESSES,1
19818,DEPRESSING,1
19831,DEPRIVATION,1
19833,DEPRIVE,1
19834,DEPRIVED,1
19835,DEPRIVES,1
19836,DEPRIVING,1
19891,DERELICT,1
19892,DERELICTION,1
19939,DEROGATORY,1
20140,DESTABILIZATION,1
20142,DESTABILIZE,1
20143,DESTABILIZED,1
20145,DESTABILIZING,1
20160,DESTROY,1
20161,DESTROYED,1
20164,DESTROYING,1
20165,DESTROYS,1
20172,DESTRUCTION,1
20174,DESTRUCTIVE,1
20195,DETAIN,1
20196,DETAINED,1
20219,DETENTION,1
20220,DETENTIONS,1
20221,DETER,1
20224,DETERIORATE,1
20225,DETERIORATED,1
20226,DETERIORATES,1
20227,DETERIORATING,1
20228,DETERIORATION,1
20229,DETERIORATIONS,1
20249,DETERRED,1
20250,DETERRENCE,1
20251,DETERRENCES,1
20252,DETERRENT,1
20253,DETERRENTS,1
20254,DETERRING,1
20255,DETERS,1
20292,DETRACT,1
20293,DETRACTED,1
20294,DETRACTING,1
20300,DETRIMENT,1
20301,DETRIMENTAL,1
20302,DETRIMENTALLY,1
20303,DETRIMENTS,1
20311,DEVALUE,1
20312,DEVALUED,1
20313,DEVALUES,1
20314,DEVALUING,1
20315,DEVASTATE,1
20316,DEVASTATED,1
20318,DEVASTATING,1
20320,DEVASTATION,1
20341,DEVIATE,1
20342,DEVIATED,1
20343,DEVIATES,1
20344,DEVIATING,1
20345,DEVIATION,1
20346,DEVIATIONS,1
20382,DEVOLVE,1
20383,DEVOLVED,1
20384,DEVOLVES,1
20385,DEVOLVING,1
20641,DIFFICULT,1
20642,DIFFICULTIES,1
20643,DIFFICULTLY,1
20644,DIFFICULTY,1
20766,DIMINISH,1
20767,DIMINISHED,1
20768,DIMINISHES,1
20769,DIMINISHING,1
20774,DIMINUTION,1
20962,DISADVANTAGE,1
20963,DISADVANTAGED,1
20964,DISADVANTAGEOUS,1
20966,DISADVANTAGES,1
20978,DISAFFILIATION,1
20990,DISAGREE,1
20991,DISAGREEABLE,1
20995,DISAGREED,1
20996,DISAGREEING,1
20997,DISAGREEMENT,1
20998,DISAGREEMENTS,1
20999,DISAGREES,1
21000,DISALLOW,1
21002,DISALLOWANCE,1
21003,DISALLOWANCES,1
21004,DISALLOWED,1
21005,DISALLOWING,1
21006,DISALLOWS,1
21007,DISAPPEAR,1
21008,DISAPPEARANCE,1
21009,DISAPPEARANCES,1
21010,DISAPPEARED,1
21011,DISAPPEARING,1
21012,DISAPPEARS,1
21013,DISAPPOINT,1
21014,DISAPPOINTED,1
21015,DISAPPOINTING,1
21016,DISAPPOINTINGLY,1
21017,DISAPPOINTMENT,1
21018,DISAPPOINTMENTS,1
21019,DISAPPOINTS,1
21022,DISAPPROVAL,1
21023,DISAPPROVALS,1
21024,DISAPPROVE,1
21025,DISAPPROVED,1
21026,DISAPPROVES,1
21027,DISAPPROVING,1
21053,DISASSOCIATES,1
21054,DISASSOCIATING,1
21055,DISASSOCIATION,1
21056,DISASSOCIATIONS,1
21057,DISASTER,1
21058,DISASTERS,1
21059,DISASTROUS,1
21060,DISASTROUSLY,1
21061,DISAVOW,1
21062,DISAVOWAL,1
21064,DISAVOWED,1
21065,DISAVOWING,1
21066,DISAVOWS,1
21122,DISCIPLINARY,1
21127,DISCLAIM,1
21128,DISCLAIMED,1
21129,DISCLAIMER,1
21130,DISCLAIMERS,1
21131,DISCLAIMING,1
21132,DISCLAIMS,1
21134,DISCLOSE,1
21135,DISCLOSED,1
21137,DISCLOSES,1
21138,DISCLOSING,1
21205,DISCONTINUANCE,1
21206,DISCONTINUANCES,1
21207,DISCONTINUATION,1
21208,DISCONTINUATIONS,1
21209,DISCONTINUE,1
21210,DISCONTINUED,1
21211,DISCONTINUES,1
21212,DISCONTINUING,1
21238,DISCOURAGE,1
21239,DISCOURAGED,1
21242,DISCOURAGES,1
21243,DISCOURAGING,1
21262,DISCREDIT,1
21265,DISCREDITED,1
21266,DISCREDITING,1
21267,DISCREDITS,1
21274,DISCREPANCIES,1
21275,DISCREPANCY,1
21385,DISFAVOR,1
21386,DISFAVORED,1
21387,DISFAVORING,1
21388,DISFAVORS,1
21403,DISGORGE,1
21404,DISGORGED,1
21405,DISGORGEMENT,1
21406,DISGORGEMENTS,1
21407,DISGORGES,1
21408,DISGORGING,1
21409,DISGRACE,1
21411,DISGRACEFUL,1
21412,DISGRACEFULLY,1
21457,DISHONEST,1
21459,DISHONESTLY,1
21460,DISHONESTY,1
21461,DISHONOR,1
21462,DISHONORABLE,1
21463,DISHONORABLY,1
21464,DISHONORED,1
21465,DISHONORING,1
21466,DISHONORS,1
21487,DISINCENTIVES,1
21522,DISINTERESTED,1
21523,DISINTERESTEDLY,1
21524,DISINTERESTEDNESS,1
21564,DISLOYAL,1
21565,DISLOYALLY,1
21567,DISLOYALTY,1
21568,DISMAL,1
21569,DISMALLY,1
21587,DISMISS,1
21588,DISMISSAL,1
21589,DISMISSALS,1
21590,DISMISSED,1
21591,DISMISSES,1
21592,DISMISSING,1
21616,DISORDERLY,1
21638,DISPARAGE,1
21639,DISPARAGED,1
21640,DISPARAGEMENT,1
21641,DISPARAGEMENTS,1
21642,DISPARAGES,1
21643,DISPARAGING,1
21644,DISPARAGINGLY,1
21647,DISPARITIES,1
21648,DISPARITY,1
21689,DISPLACE,1
21690,DISPLACED,1
21691,DISPLACEMENT,1
21692,DISPLACEMENTS,1
21693,DISPLACES,1
21694,DISPLACING,1
21713,DISPOSE,1
21722,DISPOSSESS,1
21723,DISPOSSESSED,1
21724,DISPOSSESSES,1
21725,DISPOSSESSING,1
21735,DISPROPORTION,1
21736,DISPROPORTIONAL,1
21739,DISPROPORTIONATE,1
21740,DISPROPORTIONATELY,1
21756,DISPUTE,1
21757,DISPUTED,1
21760,DISPUTES,1
21761,DISPUTING,1
21762,DISQUALIFICATION,1
21763,DISQUALIFICATIONS,1
21764,DISQUALIFIED,1
21765,DISQUALIFIES,1
21766,DISQUALIFY,1
21767,DISQUALIFYING,1
21776,DISREGARD,1
21777,DISREGARDED,1
21779,DISREGARDING,1
21780,DISREGARDS,1
21783,DISREPUTABLE,1
21785,DISREPUTE,1
21797,DISRUPT,1
21798,DISRUPTED,1
21799,DISRUPTING,1
21800,DISRUPTION,1
21801,DISRUPTIONS,1
21802,DISRUPTIVE,1
21804,DISRUPTS,1
21806,DISSATISFACTION,1
21808,DISSATISFIED,1
21837,DISSENT,1
21838,DISSENTED,1
21839,DISSENTER,1
21840,DISSENTERS,1
21841,DISSENTING,1
21842,DISSENTS,1
21854,DISSIDENT,1
21855,DISSIDENTS,1
21887,DISSOLUTION,1
21888,DISSOLUTIONS,1
21962,DISTORT,1
21963,DISTORTED,1
21964,DISTORTING,1
21965,DISTORTION,1
21966,DISTORTIONS,1
21967,DISTORTS,1
21968,DISTRACT,1
21969,DISTRACTED,1
21971,DISTRACTING,1
21972,DISTRACTION,1
21973,DISTRACTIONS,1
21974,DISTRACTS,1
21978,DISTRESS,1
21979,DISTRESSED,1
22010,DISTURB,1
22011,DISTURBANCE,1
22012,DISTURBANCES,1
22013,DISTURBED,1
22016,DISTURBING,1
22017,DISTURBS,1
22085,DIVERSION,1
22090,DIVERT,1
22091,DIVERTED,1
22095,DIVERTING,1
22096,DIVERTS,1
22098,DIVEST,1
22099,DIVESTED,1
22100,DIVESTING,1
22101,DIVESTITURE,1
22102,DIVESTITURES,1
22103,DIVESTMENT,1
22104,DIVESTMENTS,1
22105,DIVESTS,1
22145,DIVORCE,1
22146,DIVORCED,1
22155,DIVULGE,1
22156,DIVULGED,1
22157,DIVULGES,1
22158,DIVULGING,1
22558,DOUBT,1
22559,DOUBTED,1
22562,DOUBTFUL,1
22572,DOUBTS,1
22638,DOWNGRADE,1
22639,DOWNGRADED,1
22640,DOWNGRADES,1
22641,DOWNGRADING,1
22683,DOWNSIZE,1
22684,DOWNSIZED,1
22685,DOWNSIZES,1
22686,DOWNSIZING,1
22687,DOWNSIZINGS,1
22704,DOWNTIME,1
22705,DOWNTIMES,1
22712,DOWNTURN,1
22713,DOWNTURNS,1
22714,DOWNWARD,1
22716,DOWNWARDS,1
22775,DRAG,1
22831,DRASTIC,1
22832,DRASTICALLY,1
22845,DRAWBACK,1
22846,DRAWBACKS,1
23056,DROPPED,1
23068,DROUGHT,1
23069,DROUGHTS,1
23374,DURESS,1
23469,DYSFUNCTION,1
23470,DYSFUNCTIONAL,1
23471,DYSFUNCTIONS,1
23591,EASING,1
23943,EGREGIOUS,1
23944,EGREGIOUSLY,1
24302,EMBARGO,1
24303,EMBARGOED,1
24304,EMBARGOES,1
24305,EMBARGOING,1
24313,EMBARRASS,1
24314,EMBARRASSED,1
24315,EMBARRASSES,1
24316,EMBARRASSING,1
24318,EMBARRASSMENT,1
24319,EMBARRASSMENTS,1
24336,EMBEZZLE,1
24337,EMBEZZLED,1
24338,EMBEZZLEMENT,1
24339,EMBEZZLEMENTS,1
24340,EMBEZZLER,1
24342,EMBEZZLES,1
24343,EMBEZZLING,1
24702,ENCROACH,1
24703,ENCROACHED,1
24704,ENCROACHES,1
24705,ENCROACHING,1
24706,ENCROACHMENT,1
24707,ENCROACHMENTS,1
24722,ENCUMBER,1
24723,ENCUMBERED,1
24724,ENCUMBERING,1
24725,ENCUMBERS,1
24726,ENCUMBRANCE,1
24729,ENCUMBRANCES,1
24745,ENDANGER,1
24746,ENDANGERED,1
24747,ENDANGERING,1
24748,ENDANGERMENT,1
24750,ENDANGERS,1
24943,ENJOIN,1
24944,ENJOINED,1
24945,ENJOINING,1
24946,ENJOINS,1
25545,ERODE,1
25546,ERODED,1
25547,ERODES,1
25549,ERODING,1
25551,EROSION,1
25565,ERRATIC,1
25566,ERRATICALLY,1
25568,ERRED,1
25569,ERRING,1
25570,ERRONEOUS,1
25571,ERRONEOUSLY,1
25572,ERROR,1
25573,ERRORS,1
25574,ERRS,1
25600,ESCALATE,1
25601,ESCALATED,1
25602,ESCALATES,1
25603,ESCALATING,1
25872,EVADE,1
25873,EVADED,1
25876,EVADES,1
25877,EVADING,1
25915,EVASION,1
25916,EVASIONS,1
25917,EVASIVE,1
25969,EVICT,1
25970,EVICTED,1
25971,EVICTING,1
25972,EVICTION,1
25973,EVICTIONS,1
25974,EVICTS,1
26029,EXACERBATE,1
26030,EXACERBATED,1
26031,EXACERBATES,1
26032,EXACERBATING,1
26033,EXACERBATION,1
26034,EXACERBATIONS,1
26049,EXAGGERATE,1
26050,EXAGGERATED,1
26052,EXAGGERATES,1
26053,EXAGGERATING,1
26054,EXAGGERATION,1
26128,EXCESSIVE,1
26129,EXCESSIVELY,1
26216,EXCULPATE,1
26217,EXCULPATED,1
26218,EXCULPATES,1
26219,EXCULPATING,1
26220,EXCULPATION,1
26221,EXCULPATIONS,1
26222,EXCULPATORY,1
26384,EXONERATE,1
26385,EXONERATED,1
26386,EXONERATES,1
26387,EXONERATING,1
26388,EXONERATION,1
26389,EXONERATIONS,1
26573,EXPLOIT,1
26575,EXPLOITATION,1
26576,EXPLOITATIONS,1
26577,EXPLOITATIVE,1
26578,EXPLOITED,1
26581,EXPLOITING,1
26582,EXPLOITS,1
26615,EXPOSE,1
26616,EXPOSED,1
26617,EXPOSES,1
26618,EXPOSING,1
26658,EXPROPRIATE,1
26659,EXPROPRIATED,1
26660,EXPROPRIATES,1
26661,EXPROPRIATING,1
26662,EXPROPRIATION,1
26663,EXPROPRIATIONS,1
26666,EXPULSION,1
26667,EXPULSIONS,1
26715,EXTENUATING,1
27059,FAIL,1
27060,FAILED,1
27061,FAILING,1
27062,FAILINGS,1
27066,FAILS,1
27068,FAILURE,1
27069,FAILURES,1
27144,FALLOUT,1
27151,FALSE,1
27154,FALSELY,1
27163,FALSIFICATION,1
27164,FALSIFICATIONS,1
27165,FALSIFIED,1
27168,FALSIFIES,1
27169,FALSIFY,1
27170,FALSIFYING,1
27172,FALSITY,1
27377,FATALITIES,1
27378,FATALITY,1
27379,FATALLY,1
27438,FAULT,1
27439,FAULTED,1
27454,FAULTS,1
27455,FAULTY,1
27504,FEAR,1
27515,FEARS,1
27654,FELONIES,1
27655,FELONIOUS,1
27657,FELONY,1
27911,FICTITIOUS,1
28130,FINED,1
28137,FINES,1
28214,FIRED,1
28260,FIRING,1
28626,FLAW,1
28627,FLAWED,1
28633,FLAWS,1
29307,FORBID,1
29308,FORBIDDEN,1
29309,FORBIDDING,1
29311,FORBIDS,1
29314,FORCE,1
29315,FORCED,1
29324,FORCING,1
29352,FORECLOSE,1
29353,FORECLOSED,1
29354,FORECLOSES,1
29355,FORECLOSING,1
29356,FORECLOSURE,1
29357,FORECLOSURES,1
29376,FOREGO,1
29377,FOREGOES,1
29379,FOREGONE,1
29461,FORESTALL,1
29462,FORESTALLED,1
29463,FORESTALLING,1
29464,FORESTALLS,1
29503,FORFEIT,1
29506,FORFEITED,1
29507,FORFEITING,1
29508,FORFEITS,1
29509,FORFEITURE,1
29510,FORFEITURES,1
29520,FORGERS,1
29521,FORGERY,1
29903,FRAUD,1
29904,FRAUDS,1
29905,FRAUDULENCE,1
29907,FRAUDULENT,1
29908,FRAUDULENTLY,1
30151,FRIVOLOUS,1
30152,FRIVOLOUSLY,1
30294,FRUSTRATE,1
30295,FRUSTRATED,1
30296,FRUSTRATES,1
30297,FRUSTRATING,1
30298,FRUSTRATINGLY,1
30299,FRUSTRATION,1
30300,FRUSTRATIONS,1
30332,FUGITIVE,1
30333,FUGITIVES,1
32509,GRATUITOUS,1
32510,GRATUITOUSLY,1
32683,GRIEVANCE,1
32684,GRIEVANCES,1
32836,GROSSLY,1
32868,GROUNDLESS,1
33103,GUILTY,1
33561,HALT,1
33562,HALTED,1
33602,HAMPER,1
33603,HAMPERED,1
33604,HAMPERING,1
33605,HAMPERS,1
33785,HARASS,1
33786,HARASSED,1
33790,HARASSING,1
33791,HARASSMENT,1
33849,HARDSHIP,1
33850,HARDSHIPS,1
33891,HARM,1
33892,HARMED,1
33893,HARMFUL,1
33894,HARMFULLY,1
33897,HARMING,1
33923,HARMS,1
33958,HARSH,1
33959,HARSHER,1
33960,HARSHEST,1
33961,HARSHLY,1
33962,HARSHNESS,1
34114,HAZARD,1
34117,HAZARDOUS,1
34119,HAZARDS,1
34929,HINDER,1
34930,HINDERED,1
34931,HINDERING,1
34932,HINDERS,1
34936,HINDRANCE,1
34937,HINDRANCES,1
35660,HOSTILE,1
35664,HOSTILITY,1
36075,HURT,1
36080,HURTING,1
36524,IDLE,1
36525,IDLED,1
36532,IDLING,1
36589,IGNORE,1
36590,IGNORED,1
36591,IGNORES,1
36592,IGNORING,1
36605,ILL,1
36606,ILLEGAL,1
36607,ILLEGALITIES,1
36608,ILLEGALITY,1
36609,ILLEGALLY,1
36613,ILLEGIBLE,1
36623,ILLICIT,1
36624,ILLICITLY,1
36628,ILLIQUID,1
36629,ILLIQUIDITY,1
36700,IMBALANCE,1
36702,IMBALANCES,1
36755,IMMATURE,1
36814,IMMORAL,1
36874,IMPAIR,1
36875,IMPAIRED,1
36876,IMPAIRING,1
36877,IMPAIRMENT,1
36878,IMPAIRMENTS,1
36879,IMPAIRS,1
36906,IMPASSE,1
36907,IMPASSES,1
36946,IMPEDE,1
36947,IMPEDED,1
36948,IMPEDES,1
36949,IMPEDIMENT,1
36951,IMPEDIMENTS,1
36952,IMPEDING,1
36961,IMPENDING,1
36971,IMPERATIVE,1
36980,IMPERFECTION,1
36981,IMPERFECTIONS,1
36995,IMPERIL,1
37017,IMPERMISSIBLE,1
37090,IMPLICATE,1
37091,IMPLICATED,1
37092,IMPLICATES,1
37093,IMPLICATING,1
37155,IMPOSSIBILITY,1
37156,IMPOSSIBLE,1
37172,IMPOUND,1
37173,IMPOUNDED,1
37174,IMPOUNDING,1
37177,IMPOUNDS,1
37185,IMPRACTICABLE,1
37187,IMPRACTICAL,1
37188,IMPRACTICALITIES,1
37189,IMPRACTICALITY,1
37248,IMPRISONMENT,1
37257,IMPROPER,1
37258,IMPROPERLY,1
37259,IMPROPRIETIES,1
37260,IMPROPRIETY,1
37285,IMPRUDENT,1
37286,IMPRUDENTLY,1
37325,INABILITY,1
37328,INACCESSIBLE,1
37330,INACCURACIES,1
37331,INACCURACY,1
37332,INACCURATE,1
37333,INACCURATELY,1
37334,INACTION,1
37335,INACTIONS,1
37336,INACTIVATE,1
37337,INACTIVATED,1
37338,INACTIVATES,1
37339,INACTIVATING,1
37340,INACTIVATION,1
37341,INACTIVATIONS,1
37345,INACTIVITY,1
37346,INADEQUACIES,1
37347,INADEQUACY,1
37348,INADEQUATE,1
37349,INADEQUATELY,1
37355,INADVERTENT,1
37356,INADVERTENTLY,1
37358,INADVISABILITY,1
37359,INADVISABLE,1
37381,INAPPROPRIATE,1
37382,INAPPROPRIATELY,1
37396,INATTENTION,1
37440,INCAPABLE,1
37443,INCAPACITATED,1
37448,INCAPACITY,1
37449,INCARCERATE,1
37450,INCARCERATED,1
37451,INCARCERATES,1
37452,INCARCERATING,1
37453,INCARCERATION,1
37454,INCARCERATIONS,1
37502,INCIDENCE,1
37503,INCIDENCES,1
37504,INCIDENT,1
37508,INCIDENTS,1
37591,INCOMPATIBILITIES,1
37592,INCOMPATIBILITY,1
37593,INCOMPATIBLE,1
37596,INCOMPETENCE,1
37599,INCOMPETENCY,1
37600,INCOMPETENT,1
37601,INCOMPETENTLY,1
37602,INCOMPETENTS,1
37603,INCOMPLETE,1
37604,INCOMPLETELY,1
37605,INCOMPLETENESS,1
37617,INCONCLUSIVE,1
37636,INCONSISTENCIES,1
37637,INCONSISTENCY,1
37638,INCONSISTENT,1
37639,INCONSISTENTLY,1
37659,INCONVENIENCE,1
37661,INCONVENIENCES,1
37663,INCONVENIENT,1
37675,INCORRECT,1
37676,INCORRECTLY,1
37677,INCORRECTNESS,1
37771,INDECENCY,1
37772,INDECENT,1
37786,INDEFEASIBLE,1
37787,INDEFEASIBLY,1
37866,INDICT,1
37867,INDICTABLE,1
37868,INDICTED,1
37869,INDICTING,1
37870,INDICTMENT,1
37871,INDICTMENTS,1
38056,INEFFECTIVE,1
38057,INEFFECTIVELY,1
38058,INEFFECTIVENESS,1
38065,INEFFICIENCIES,1
38066,INEFFICIENCY,1
38067,INEFFICIENT,1
38068,INEFFICIENTLY,1
38076,INELIGIBILITY,1
38077,INELIGIBLE,1
38092,INEQUITABLE,1
38093,INEQUITABLY,1
38094,INEQUITIES,1
38095,INEQUITY,1
38113,INEVITABLE,1
38135,INEXPERIENCE,1
38136,INEXPERIENCED,1
38197,INFERIOR,1
38290,INFLICTED,1
38346,INFRACTION,1
38347,INFRACTIONS,1
38360,INFRINGE,1
38361,INFRINGED,1
38362,INFRINGEMENT,1
38363,INFRINGEMENTS,1
38366,INFRINGES,1
38367,INFRINGING,1
38464,INHIBITED,1
38481,INIMICAL,1
38526,INJUNCTION,1
38527,INJUNCTIONS,1
38529,INJURE,1
38530,INJURED,1
38533,INJURES,1
38534,INJURIES,1
38535,INJURING,1
38536,INJURIOUS,1
38537,INJURY,1
38638,INORDINATE,1
38639,INORDINATELY,1
38661,INQUIRY,1
38713,INSECURE,1
38728,INSENSITIVE,1
38810,INSOLVENCIES,1
38811,INSOLVENCY,1
38812,INSOLVENT,1
38848,INSTABILITY,1
38951,INSUBORDINATION,1
38958,INSUFFICIENCY,1
38959,INSUFFICIENT,1
38960,INSUFFICIENTLY,1
39001,INSURRECTION,1
39004,INSURRECTIONS,1
39087,INTENTIONAL,1
39195,INTERFERE,1
39196,INTERFERED,1
39197,INTERFERENCE,1
39198,INTERFERENCES,1
39199,INTERFERES,1
39200,INTERFERING,1
39286,INTERMITTENT,1
39287,INTERMITTENTLY,1
39400,INTERRUPT,1
39401,INTERRUPTED,1
39405,INTERRUPTING,1
39406,INTERRUPTION,1
39407,INTERRUPTIONS,1
39408,INTERRUPTS,1
39492,INTIMIDATION,1
39599,INTRUSION,1
39636,INVALID,1
39637,INVALIDATE,1
39638,INVALIDATED,1
39639,INVALIDATES,1
39640,INVALIDATING,1
39641,INVALIDATION,1
39648,INVALIDITY,1
39711,INVESTIGATE,1
39712,INVESTIGATED,1
39713,INVESTIGATES,1
39714,INVESTIGATING,1
39715,INVESTIGATION,1
39717,INVESTIGATIONS,1
39778,INVOLUNTARILY,1
39781,INVOLUNTARY,1
39889,IRRECONCILABLE,1
39890,IRRECONCILABLY,1
39891,IRRECOVERABLE,1
39892,IRRECOVERABLY,1
39900,IRREGULAR,1
39901,IRREGULARITIES,1
39902,IRREGULARITY,1
39903,IRREGULARLY,1
39915,IRREPARABLE,1
39916,IRREPARABLY,1
39941,IRREVERSIBLE,1
40297,JEOPARDIZE,1
40298,JEOPARDIZED,1
40795,JUSTIFIABLE,1
41007,KICKBACK,1
41008,KICKBACKS,1
41341,KNOWINGLY,1
41466,LACK,1
41469,LACKED,1
41472,LACKING,1
41473,LACKLUSTER,1
41475,LACKS,1
41533,LAG,1
41539,LAGGED,1
41540,LAGGING,1
41548,LAGS,1
41756,LAPSE,1
41757,LAPSED,1
41758,LAPSES,1
41759,LAPSING,1
41854,LATE,1
41941,LAUNDERING,1
42042,LAYOFF,1
42043,LAYOFFS,1
42667,LIE,1
42849,LIMITATION,1
42850,LIMITATIONS,1
42926,LINGERING,1
43009,LIQUIDATE,1
43010,LIQUIDATED,1
43011,LIQUIDATES,1
43012,LIQUIDATING,1
43013,LIQUIDATION,1
43014,LIQUIDATIONS,1
43015,LIQUIDATOR,1
43016,LIQUIDATORS,1
43110,LITIGANT,1
43111,LITIGANTS,1
43112,LITIGATE,1
43113,LITIGATED,1
43114,LITIGATES,1
43115,LITIGATING,1
43116,LITIGATION,1
43117,LITIGATIONS,1
43307,LOCKOUT,1
43308,LOCKOUTS,1
43565,LOSE,1
43568,LOSES,1
43569,LOSING,1
43571,LOSS,1
43572,LOSSES,1
43574,LOST,1
43942,LYING,1
44346,MALFEASANCE,1
44351,MALFUNCTION,1
44352,MALFUNCTIONED,1
44353,MALFUNCTIONING,1
44354,MALFUNCTIONS,1
44355,MALICE,1
44357,MALICIOUS,1
44358,MALICIOUSLY,1
44394,MALPRACTICE,1
44568,MANIPULATE,1
44569,MANIPULATED,1
44570,MANIPULATES,1
44571,MANIPULATING,1
44572,MANIPULATION,1
44573,MANIPULATIONS,1
44574,MANIPULATIVE,1
44774,MARKDOWN,1
44775,MARKDOWNS,1
46614,MISAPPLICATION,1
46615,MISAPPLICATIONS,1
46616,MISAPPLIED,1
46617,MISAPPLIES,1
46618,MISAPPLY,1
46619,MISAPPLYING,1
46626,MISAPPROPRIATE,1
46627,MISAPPROPRIATED,1
46628,MISAPPROPRIATES,1
46629,MISAPPROPRIATING,1
46630,MISAPPROPRIATION,1
46631,MISAPPROPRIATIONS,1
46639,MISBRANDED,1
46641,MISCALCULATE,1
46642,MISCALCULATED,1
46643,MISCALCULATES,1
46644,MISCALCULATING,1
46645,MISCALCULATION,1
46646,MISCALCULATIONS,1
46668,MISCHARACTERIZATION,1
46670,MISCHIEF,1
46679,MISCLASSIFICATION,1
46680,MISCLASSIFICATIONS,1
46681,MISCLASSIFIED,1
46682,MISCLASSIFY,1
46683,MISCOMMUNICATION,1
46690,MISCONDUCT,1
46710,MISDATED,1
46717,MISDEMEANOR,1
46718,MISDEMEANORS,1
46728,MISDIRECTED,1
46780,MISHANDLE,1
46781,MISHANDLED,1
46782,MISHANDLES,1
46783,MISHANDLING,1
46796,MISINFORM,1
46797,MISINFORMATION,1
46799,MISINFORMED,1
46800,MISINFORMING,1
46801,MISINFORMS,1
46802,MISINTERPRET,1
46803,MISINTERPRETATION,1
46804,MISINTERPRETATIONS,1
46805,MISINTERPRETED,1
46806,MISINTERPRETING,1
46807,MISINTERPRETS,1
46808,MISJUDGE,1
46809,MISJUDGED,1
46810,MISJUDGES,1
46811,MISJUDGING,1
46812,MISJUDGMENT,1
46813,MISJUDGMENTS,1
46814,MISLABEL,1
46815,MISLABELED,1
46816,MISLABELING,1
46817,MISLABELLED,1
46819,MISLABELS,1
46824,MISLEAD,1
46825,MISLEADING,1
46826,MISLEADINGLY,1
46827,MISLEADS,1
46828,MISLED,1
46829,MISMANAGE,1
46830,MISMANAGED,1
46831,MISMANAGEMENT,1
46833,MISMANAGES,1
46834,MISMANAGING,1
46835,MISMATCH,1
46836,MISMATCHED,1
46837,MISMATCHES,1
46838,MISMATCHING,1
46860,MISPLACED,1
46870,MISPRICE,1
46872,MISPRICING,1
46873,MISPRICINGS,1
46900,MISREPRESENT,1
46901,MISREPRESENTATION,1
46902,MISREPRESENTATIONS,1
46903,MISREPRESENTED,1
46904,MISREPRESENTING,1
46905,MISREPRESENTS,1
46910,MISS,1
46913,MISSED,1
46914,MISSES,1
46952,MISSTATE,1
46953,MISSTATED,1
46954,MISSTATEMENT,1
46955,MISSTATEMENTS,1
46956,MISSTATES,1
46957,MISSTATING,1
46958,MISSTEP,1
46959,MISSTEPS,1
46964,MISTAKE,1
46965,MISTAKEN,1
46966,MISTAKENLY,1
46967,MISTAKES,1
46968,MISTAKING,1
46995,MISTRIAL,1
46996,MISTRIALS,1
47005,MISUNDERSTAND,1
47006,MISUNDERSTANDING,1
47007,MISUNDERSTANDINGS,1
47009,MISUNDERSTOOD,1
47010,MISUSE,1
47011,MISUSED,1
47012,MISUSES,1
47013,MISUSING,1
47460,MONOPOLISTIC,1
47461,MONOPOLISTS,1
47462,MONOPOLIZATION,1
47464,MONOPOLIZE,1
47465,MONOPOLIZED,1
47468,MONOPOLIZES,1
47469,MONOPOLIZING,1
47470,MONOPOLY,1
47620,MORATORIA,1
47621,MORATORIUM,1
47622,MORATORIUMS,1
47751,MOTHBALLED,1
47752,MOTHBALLING,1
48964,NEGATIVE,1
48966,NEGATIVELY,1
48969,NEGATIVES,1
48975,NEGLECT,1
48976,NEGLECTED,1
48977,NEGLECTFUL,1
48981,NEGLECTING,1
48982,NEGLECTS,1
48986,NEGLIGENCE,1
48987,NEGLIGENCES,1
48988,NEGLIGENT,1
48989,NEGLIGENTLY,1
49636,NONATTAINMENT,1
49737,NONCOMPETITIVE,1
49739,NONCOMPLIANCE,1
49740,NONCOMPLIANCES,1
49741,NONCOMPLIANT,1
49742,NONCOMPLYING,1
49752,NONCONFORMING,1
49755,NONCONFORMITIES,1
49756,NONCONFORMITY,1
49850,NONDISCLOSURE,1
49970,NONFUNCTIONAL,1
50149,NONPAYMENT,1
50150,NONPAYMENTS,1
50155,NONPERFORMANCE,1
50156,NONPERFORMANCES,1
50159,NONPERFORMING,1
50196,NONPRODUCING,1
50199,NONPRODUCTIVE,1
50242,NONRECOVERABLE,1
50262,NONRENEWAL,1
50735,NUISANCE,1
50736,NUISANCES,1
50742,NULLIFICATION,1
50743,NULLIFICATIONS,1
50744,NULLIFIED,1
50745,NULLIFIES,1
50746,NULLIFY,1
50747,NULLIFYING,1
50955,OBJECTED,1
50960,OBJECTING,1
50961,OBJECTION,1
50962,OBJECTIONABLE,1
50963,OBJECTIONABLY,1
50964,OBJECTIONS,1
51032,OBSCENE,1
51037,OBSCENITY,1
51091,OBSOLESCENCE,1
51096,OBSOLETE,1
51100,OBSTACLE,1
51101,OBSTACLES,1
51115,OBSTRUCT,1
51116,OBSTRUCTED,1
51117,OBSTRUCTING,1
51118,OBSTRUCTION,1
51123,OBSTRUCTIONS,1
51302,OFFENCE,1
51303,OFFENCES,1
51304,OFFEND,1
51305,OFFENDED,1
51306,OFFENDER,1
51307,OFFENDERS,1
51308,OFFENDING,1
51309,OFFENDS,1
51504,OMISSION,1
51505,OMISSIONS,1
51506,OMIT,1
51507,OMITS,1
51508,OMITTED,1
51509,OMITTING,1
51548,ONEROUS,1
51697,OPPORTUNISTIC,1
51698,OPPORTUNISTICALLY,1
51702,OPPOSE,1
51703,OPPOSED,1
51704,OPPOSES,1
51705,OPPOSING,1
51709,OPPOSITION,1
51710,OPPOSITIONS,1
52091,OUTAGE,1
52092,OUTAGES,1
52139,OUTDATED,1
52264,OUTMODED,1
52468,OVERAGE,1
52469,OVERAGES,1
52516,OVERBUILD,1
52517,OVERBUILDING,1
52518,OVERBUILDS,1
52519,OVERBUILT,1
52520,OVERBURDEN,1
52521,OVERBURDENED,1
52522,OVERBURDENING,1
52528,OVERCAPACITIES,1
52529,OVERCAPACITY,1
52540,OVERCHARGE,1
52541,OVERCHARGED,1
52542,OVERCHARGES,1
52543,OVERCHARGING,1
52555,OVERCOME,1
52556,OVERCOMES,1
52557,OVERCOMING,1
52619,OVERDUE,1
52634,OVERESTIMATE,1
52635,OVERESTIMATED,1
52636,OVERESTIMATES,1
52637,OVERESTIMATING,1
52638,OVERESTIMATION,1
52639,OVERESTIMATIONS,1
52766,OVERLOAD,1
52767,OVERLOADED,1
52768,OVERLOADING,1
52769,OVERLOADS,1
52771,OVERLOOK,1
52772,OVERLOOKED,1
52773,OVERLOOKING,1
52774,OVERLOOKS,1
52791,OVERPAID,1
52797,OVERPAYMENT,1
52798,OVERPAYMENTS,1
52835,OVERPRODUCED,1
52836,OVERPRODUCES,1
52837,OVERPRODUCING,1
52838,OVERPRODUCTION,1
52877,OVERRUN,1
52878,OVERRUNNING,1
52879,OVERRUNS,1
52897,OVERSHADOW,1
52898,OVERSHADOWED,1
52899,OVERSHADOWING,1
52900,OVERSHADOWS,1
52942,OVERSTATE,1
52943,OVERSTATED,1
52944,OVERSTATEMENT,1
52945,OVERSTATEMENTS,1
52946,OVERSTATES,1
52947,OVERSTATING,1
52974,OVERSUPPLIED,1
52975,OVERSUPPLIES,1
52976,OVERSUPPLY,1
52977,OVERSUPPLYING,1
53000,OVERTLY,1
53006,OVERTURN,1
53007,OVERTURNED,1
53008,OVERTURNING,1
53009,OVERTURNS,1
53016,OVERVALUE,1
53017,OVERVALUED,1
53019,OVERVALUING,1
53479,PANIC,1
53485,PANICS,1
54542,PENALIZE,1
54543,PENALIZED,1
54544,PENALIZES,1
54545,PENALIZING,1
54546,PENALTIES,1
54547,PENALTY,1
54841,PERIL,1
54848,PERILS,1
54905,PERJURY,1
54978,PERPETRATE,1
54979,PERPETRATED,1
54980,PERPETRATES,1
54981,PERPETRATING,1
54982,PERPETRATION,1
55024,PERSIST,1
55025,PERSISTED,1
55026,PERSISTENCE,1
55029,PERSISTENT,1
55030,PERSISTENTLY,1
55031,PERSISTING,1
55032,PERSISTS,1
55129,PERVASIVE,1
55130,PERVASIVELY,1
55131,PERVASIVENESS,1
55250,PETTY,1
55645,PICKET,1
55646,PICKETED,1
55647,PICKETING,1
56174,PLAINTIFF,1
56175,PLAINTIFFS,1
56357,PLEA,1
56358,PLEAD,1
56359,PLEADED,1
56362,PLEADING,1
56363,PLEADINGS,1
56364,PLEADS,1
56365,PLEAS,1
56400,PLED,1
56987,POOR,1
56994,POORLY,1
57162,POSES,1
57169,POSING,1
57281,POSTPONE,1
57282,POSTPONED,1
57283,POSTPONEMENT,1
57284,POSTPONEMENTS,1
57285,POSTPONES,1
57286,POSTPONING,1
57625,PRECIPITATED,1
57633,PRECIPITOUS,1
57634,PRECIPITOUSLY,1
57650,PRECLUDE,1
57651,PRECLUDED,1
57652,PRECLUDES,1
57653,PRECLUDING,1
57699,PREDATORY,1
57881,PREJUDICE,1
57882,PREJUDICED,1
57883,PREJUDICES,1
57884,PREJUDICIAL,1
57885,PREJUDICING,1
57910,PREMATURE,1
57911,PREMATURELY,1
58173,PRESSING,1
58256,PRETRIAL,1
58295,PREVENTING,1
58296,PREVENTION,1
58300,PREVENTS,1
58545,PROBLEM,1
58546,PROBLEMATIC,1
58547,PROBLEMATICAL,1
58549,PROBLEMS,1
58834,PROLONG,1
58835,PROLONGATION,1
58836,PROLONGATIONS,1
58837,PROLONGED,1
58838,PROLONGING,1
58839,PROLONGS,1
58900,PRONE,1
59079,PROSECUTE,1
59080,PROSECUTED,1
59081,PROSECUTES,1
59082,PROSECUTING,1
59083,PROSECUTION,1
59084,PROSECUTIONS,1
59175,PROTEST,1
59178,PROTESTED,1
59179,PROTESTER,1
59180,PROTESTERS,1
59181,PROTESTING,1
59182,PROTESTOR,1
59183,PROTESTORS,1
59184,PROTESTS,1
59203,PROTRACTED,1
59205,PROTRACTION,1
59277,PROVOKE,1
59278,PROVOKED,1
59281,PROVOKES,1
59282,PROVOKING,1
59653,PUNISHED,1
59654,PUNISHES,1
59655,PUNISHING,1
59656,PUNISHMENT,1
59657,PUNISHMENTS,1
59658,PUNITIVE,1
59767,PURPORT,1
59768,PURPORTED,1
59769,PURPORTEDLY,1
59770,PURPORTING,1
59771,PURPORTS,1
60169,QUESTION,1
60170,QUESTIONABLE,1
60171,QUESTIONABLY,1
60172,QUESTIONED,1
60175,QUESTIONING,1
60180,QUESTIONS,1
60289,QUIT,1
60299,QUITTING,1
60401,RACKETEER,1
60403,RACKETEERING,1
60919,RATIONALIZATION,1
60920,RATIONALIZATIONS,1
60921,RATIONALIZE,1
60922,RATIONALIZED,1
60923,RATIONALIZES,1
60924,RATIONALIZING,1
61312,REASSESSMENT,1
61313,REASSESSMENTS,1
61314,REASSIGN,1
61315,REASSIGNED,1
61316,REASSIGNING,1
61317,REASSIGNMENT,1
61318,REASSIGNMENTS,1
61319,REASSIGNS,1
61467,RECALL,1
61469,RECALLED,1
61470,RECALLING,1
61471,RECALLS,1
61552,RECESSION,1
61555,RECESSIONARY,1
61556,RECESSIONS,1
61622,RECKLESS,1
61623,RECKLESSLY,1
61624,RECKLESSNESS,1
61993,REDACT,1
61994,REDACTED,1
61995,REDACTING,1
61996,REDACTION,1
61997,REDACTIONS,1
62034,REDEFAULT,1
62035,REDEFAULTED,1
62036,REDEFAULTS,1
62169,REDRESS,1
62170,REDRESSED,1
62171,REDRESSES,1
62172,REDRESSING,1
62569,REFUSAL,1
62570,REFUSALS,1
62571,REFUSE,1
62572,REFUSED,1
62573,REFUSES,1
62574,REFUSING,1
62934,REJECT,1
62936,REJECTED,1
62937,REJECTING,1
62938,REJECTION,1
62939,REJECTIONS,1
62940,REJECTS,1
63090,RELINQUISH,1
63091,RELINQUISHED,1
63092,RELINQUISHES,1
63093,RELINQUISHING,1
63094,RELINQUISHMENT,1
63095,RELINQUISHMENTS,1
63126,RELUCTANCE,1
63128,RELUCTANT,1
63339,RENEGOTIATE,1
63340,RENEGOTIATED,1
63341,RENEGOTIATES,1
63342,RENEGOTIATING,1
63343,RENEGOTIATION,1
63344,RENEGOTIATIONS,1
63365,RENOUNCE,1
63366,RENOUNCED,1
63367,RENOUNCEMENT,1
63368,RENOUNCEMENTS,1
63369,RENOUNCES,1
63370,RENOUNCING,1
63464,REPARATION,1
63465,REPARATIONS,1
63628,REPOSSESSED,1
63629,REPOSSESSES,1
63630,REPOSSESSING,1
63631,REPOSSESSION,1
63632,REPOSSESSIONS,1
63752,REPUDIATE,1
63753,REPUDIATED,1
63754,REPUDIATES,1
63755,REPUDIATING,1
63756,REPUDIATION,1
63757,REPUDIATIONS,1
63988,RESIGN,1
63989,RESIGNATION,1
63990,RESIGNATIONS,1
63991,RESIGNED,1
63993,RESIGNING,1
63994,RESIGNS,1
64146,RESTATE,1
64147,RESTATED,1
64148,RESTATEMENT,1
64149,RESTATEMENTS,1
64150,RESTATES,1
64151,RESTATING,1
64223,RESTRUCTURE,1
64224,RESTRUCTURED,1
64225,RESTRUCTURES,1
64226,RESTRUCTURING,1
64227,RESTRUCTURINGS,1
64313,RETALIATE,1
64314,RETALIATED,1
64315,RETALIATES,1
64316,RETALIATING,1
64317,RETALIATION,1
64318,RETALIATIONS,1
64320,RETALIATORY,1
64442,RETRIBUTION,1
64443,RETRIBUTIONS,1
64703,REVOCATION,1
64704,REVOCATIONS,1
64706,REVOKE,1
64707,REVOKED,1
64708,REVOKES,1
64709,REVOKING,1
64948,RIDICULE,1
64949,RIDICULED,1
64950,RIDICULES,1
64951,RIDICULING,1
65144,RISKIER,1
65145,RISKIEST,1
65152,RISKY,1
65949,SABOTAGE,1
65986,SACRIFICE,1
65987,SACRIFICED,1
65988,SACRIFICES,1
65989,SACRIFICIAL,1
65991,SACRIFICING,1
66726,SCANDALOUS,1
66728,SCANDALS,1
67329,SCRUTINIZE,1
67330,SCRUTINIZED,1
67331,SCRUTINIZES,1
67332,SCRUTINIZING,1
67333,SCRUTINY,1
67579,SECRECY,1
67802,SEIZE,1
67803,SEIZED,1
67804,SEIZES,1
67805,SEIZING,1
68027,SENTENCED,1
68029,SENTENCING,1
68180,SERIOUS,1
68181,SERIOUSLY,1
68182,SERIOUSNESS,1
68250,SETBACK,1
68251,SETBACKS,1
68287,SEVER,1
68294,SEVERE,1
68295,SEVERED,1
68296,SEVERELY,1
68303,SEVERITIES,1
68304,SEVERITY,1
68543,SHARPLY,1
68858,SHOCKED,1
68948,SHORTAGE,1
68949,SHORTAGES,1
68970,SHORTFALL,1
68971,SHORTFALLS,1
69116,SHRINKAGE,1
69117,SHRINKAGES,1
69180,SHUT,1
69181,SHUTDOWN,1
69182,SHUTDOWNS,1
69189,SHUTS,1
69196,SHUTTING,1
69962,SLANDER,1
69963,SLANDERED,1
69967,SLANDEROUS,1
69968,SLANDERS,1
70205,SLIPPAGE,1
70206,SLIPPAGES,1
70299,SLOW,1
70300,SLOWDOWN,1
70301,SLOWDOWNS,1
70302,SLOWED,1
70303,SLOWER,1
70304,SLOWEST,1
70305,SLOWING,1
70306,SLOWLY,1
70307,SLOWNESS,1
70327,SLUGGISH,1
70328,SLUGGISHLY,1
70329,SLUGGISHNESS,1
71154,SOLVENCIES,1
71155,SOLVENCY,1
71525,SPAM,1
71526,SPAMMERS,1
71527,SPAMMING,1
72538,STAGGERING,1
72547,STAGNANT,1
72549,STAGNATE,1
72550,STAGNATED,1
72551,STAGNATES,1
72552,STAGNATING,1
72553,STAGNATION,1
72678,STANDSTILL,1
72679,STANDSTILLS,1
73298,STOLEN,1
73362,STOPPAGE,1
73363,STOPPAGES,1
73364,STOPPED,1
73369,STOPPING,1
73374,STOPS,1
73490,STRAIN,1
73491,STRAINED,1
73494,STRAINING,1
73495,STRAINS,1
73624,STRESS,1
73625,STRESSED,1
73626,STRESSES,1
73627,STRESSFUL,1
73628,STRESSING,1
73682,STRINGENT,1
74040,SUBJECTED,1
74041,SUBJECTING,1
74042,SUBJECTION,1
74178,SUBPOENA,1
74179,SUBPOENAED,1
74181,SUBPOENAS,1
74264,SUBSTANDARD,1
74444,SUE,1
74445,SUED,1
74448,SUES,1
74453,SUFFER,1
74456,SUFFERED,1
74459,SUFFERING,1
74461,SUFFERS,1
74530,SUING,1
74635,SUMMONED,1
74638,SUMMONING,1
74639,SUMMONS,1
74641,SUMMONSES,1
75134,SUSCEPTIBILITY,1
75135,SUSCEPTIBLE,1
75138,SUSPECT,1
75139,SUSPECTED,1
75141,SUSPECTS,1
75142,SUSPEND,1
75143,SUSPENDED,1
75146,SUSPENDING,1
75147,SUSPENDS,1
75151,SUSPENSION,1
75152,SUSPENSIONS,1
75154,SUSPICION,1
75155,SUSPICIONS,1
75156,SUSPICIOUS,1
75157,SUSPICIOUSLY,1
75819,TAINT,1
75820,TAINTED,1
75821,TAINTING,1
75822,TAINTS,1
75920,TAMPERED,1
76680,TENSE,1
76755,TERMINATE,1
76756,TERMINATED,1
76757,TERMINATES,1
76758,TERMINATING,1
76759,TERMINATION,1
76760,TERMINATIONS,1
76861,TESTIFY,1
76862,TESTIFYING,1
77240,THREAT,1
77241,THREATEN,1
77242,THREATENED,1
77243,THREATENING,1
77245,THREATENS,1
77246,THREATS,1
77510,TIGHTENING,1
77919,TOLERATE,1
77920,TOLERATED,1
77921,TOLERATES,1
77922,TOLERATING,1
77923,TOLERATION,1
78189,TORTUOUS,1
78190,TORTUOUSLY,1
78467,TRAGEDIES,1
78468,TRAGEDY,1
78469,TRAGIC,1
78470,TRAGICALLY,1
78850,TRAUMATIC,1
79302,TROUBLE,1
79303,TROUBLED,1
79306,TROUBLES,1
79634,TURBULENCE,1
79656,TURMOIL,1
80080,UNABLE,1
80085,UNACCEPTABLE,1
80086,UNACCEPTABLY,1
80093,UNACCOUNTED,1
80142,UNANNOUNCED,1
80146,UNANTICIPATED,1
80159,UNAPPROVED,1
80187,UNATTRACTIVE,1
80192,UNAUTHORIZED,1
80194,UNAVAILABILITY,1
80195,UNAVAILABLE,1
80198,UNAVOIDABLE,1
80199,UNAVOIDABLY,1
80201,UNAWARE,1
80393,UNCOLLECTABLE,1
80394,UNCOLLECTED,1
80395,UNCOLLECTIBILITY,1
80396,UNCOLLECTIBLE,1
80397,UNCOLLECTIBLES,1
80412,UNCOMPETITIVE,1
80415,UNCOMPLETED,1
80442,UNCONSCIONABLE,1
80443,UNCONSCIONABLY,1
80463,UNCONTROLLABLE,1
80464,UNCONTROLLABLY,1
80465,UNCONTROLLED,1
80483,UNCORRECTED,1
80494,UNCOVER,1
80495,UNCOVERED,1
80496,UNCOVERING,1
80497,UNCOVERS,1
80540,UNDELIVERABLE,1
80541,UNDELIVERED,1
80582,UNDERCAPITALIZED,1
80607,UNDERCUT,1
80608,UNDERCUTS,1
80609,UNDERCUTTING,1
80624,UNDERESTIMATE,1
80625,UNDERESTIMATED,1
80626,UNDERESTIMATES,1
80627,UNDERESTIMATING,1
80628,UNDERESTIMATION,1
80644,UNDERFUNDED,1
80667,UNDERINSURED,1
80698,UNDERMINE,1
80699,UNDERMINED,1
80700,UNDERMINES,1
80701,UNDERMINING,1
80708,UNDERPAID,1
80716,UNDERPAYMENT,1
80717,UNDERPAYMENTS,1
80718,UNDERPAYS,1
80721,UNDERPERFORM,1
80722,UNDERPERFORMANCE,1
80723,UNDERPERFORMED,1
80726,UNDERPERFORMING,1
80727,UNDERPERFORMS,1
80744,UNDERPRODUCED,1
80746,UNDERPRODUCTION,1
80757,UNDERREPORTING,1
80806,UNDERSTATE,1
80807,UNDERSTATED,1
80808,UNDERSTATEMENT,1
80809,UNDERSTATEMENTS,1
80810,UNDERSTATES,1
80811,UNDERSTATING,1
80836,UNDERUTILIZATION,1
80838,UNDERUTILIZED,1
80874,UNDESIRABLE,1
80877,UNDESIRED,1
80879,UNDETECTED,1
80881,UNDETERMINED,1
80898,UNDISCLOSED,1
80914,UNDOCUMENTED,1
80933,UNDUE,1
80941,UNDULY,1
80964,UNECONOMIC,1
80965,UNECONOMICAL,1
80966,UNECONOMICALLY,1
80974,UNEMPLOYED,1
80975,UNEMPLOYMENT,1
81005,UNETHICAL,1
81006,UNETHICALLY,1
81024,UNEXCUSED,1
81028,UNEXPECTED,1
81029,UNEXPECTEDLY,1
81046,UNFAIR,1
81049,UNFAIRLY,1
81068,UNFAVORABILITY,1
81069,UNFAVORABLE,1
81070,UNFAVORABLY,1
81071,UNFAVOURABLE,1
81072,UNFEASIBLE,1
81089,UNFIT,1
81090,UNFITNESS,1
81119,UNFORESEEABLE,1
81120,UNFORESEEN,1
81131,UNFORSEEN,1
81133,UNFORTUNATE,1
81134,UNFORTUNATELY,1
81136,UNFOUNDED,1
81148,UNFRIENDLY,1
81156,UNFULFILLED,1
81157,UNFUNDED,1
81320,UNINSURED,1
81325,UNINTENDED,1
81326,UNINTENTIONAL,1
81327,UNINTENTIONALLY,1
81393,UNJUST,1
81394,UNJUSTIFIABLE,1
81395,UNJUSTIFIABLY,1
81396,UNJUSTIFIED,1
81397,UNJUSTLY,1
81409,UNKNOWING,1
81410,UNKNOWINGLY,1
81424,UNLAWFUL,1
81425,UNLAWFULLY,1
81445,UNLICENSED,1
81465,UNLIQUIDATED,1
81513,UNMARKETABLE,1
81530,UNMERCHANTABLE,1
81534,UNMERITORIOUS,1
81560,UNNECESSARILY,1
81561,UNNECESSARY,1
81562,UNNEEDED,1
81575,UNOBTAINABLE,1
81580,UNOCCUPIED,1
81594,UNPAID,1
81615,UNPERFORMED,1
81626,UNPLANNED,1
81641,UNPOPULAR,1
81651,UNPREDICTABILITY,1
81652,UNPREDICTABLE,1
81653,UNPREDICTABLY,1
81654,UNPREDICTED,1
81671,UNPRODUCTIVE,1
81675,UNPROFITABILITY,1
81676,UNPROFITABLE,1
81690,UNQUALIFIED,1
81720,UNREALISTIC,1
81727,UNREASONABLE,1
81728,UNREASONABLENESS,1
81730,UNREASONABLY,1
81733,UNRECEPTIVE,1
81741,UNRECOVERABLE,1
81742,UNRECOVERED,1
81758,UNREIMBURSED,1
81766,UNRELIABLE,1
81772,UNREMEDIED,1
81781,UNREPORTED,1
81789,UNRESOLVED,1
81794,UNREST,1
81832,UNSAFE,1
81837,UNSALABLE,1
81838,UNSALEABLE,1
81843,UNSATISFACTORY,1
81844,UNSATISFIED,1
81848,UNSAVORY,1
81855,UNSCHEDULED,1
81905,UNSELLABLE,1
81955,UNSOLD,1
81962,UNSOUND,1
81980,UNSTABILIZED,1
81981,UNSTABLE,1
82016,UNSUBSTANTIATED,1
82017,UNSUCCESSFUL,1
82018,UNSUCCESSFULLY,1
82020,UNSUITABILITY,1
82021,UNSUITABLE,1
82022,UNSUITABLY,1
82023,UNSUITED,1
82029,UNSURE,1
82034,UNSUSPECTED,1
82035,UNSUSPECTING,1
82037,UNSUSTAINABLE,1
82062,UNTENABLE,1
82089,UNTIMELY,1
82117,UNTRUSTED,1
82119,UNTRUTH,1
82120,UNTRUTHFUL,1
82121,UNTRUTHFULLY,1
82122,UNTRUTHFULNESS,1
82124,UNTRUTHS,1
82133,UNUSABLE,1
82158,UNWANTED,1
82165,UNWARRANTED,1
82173,UNWELCOME,1
82183,UNWILLING,1
82185,UNWILLINGNESS,1
82354,UPSET,1
82452,URGENCY,1
82453,URGENT,1
82519,USURIOUS,1
82520,USURP,1
82523,USURPED,1
82526,USURPING,1
82527,USURPS,1
82528,USURY,1
82739,VANDALISM,1
83066,VERDICT,1
83067,VERDICTS,1
83200,VETOED,1
83286,VICTIMS,1
83433,VIOLATE,1
83434,VIOLATED,1
83435,VIOLATES,1
83436,VIOLATING,1
83437,VIOLATION,1
83438,VIOLATIONS,1
83439,VIOLATIVE,1
83440,VIOLATOR,1
83441,VIOLATORS,1
83442,VIOLENCE,1
83444,VIOLENT,1
83445,VIOLENTLY,1
83584,VITIATE,1
83585,VITIATED,1
83586,VITIATES,1
83587,VITIATING,1
83588,VITIATION,1
83708,VOIDED,1
83709,VOIDING,1
83714,VOLATILE,1
83716,VOLATILITY,1
83858,VULNERABILITIES,1
83859,VULNERABILITY,1
83860,VULNERABLE,1
83861,VULNERABLY,1
84177,WARN,1
84178,WARNED,1
84179,WARNING,1
84180,WARNINGS,1
84181,WARNS,1
84270,WASTED,1
84271,WASTEFUL,1
84285,WASTING,1
84447,WEAK,1
84448,WEAKEN,1
84449,WEAKENED,1
84452,WEAKENING,1
84453,WEAKENS,1
84454,WEAKER,1
84455,WEAKEST,1
84460,WEAKLY,1
84461,WEAKNESS,1
84462,WEAKNESSES,1
85250,WILLFULLY,1
85898,WORRIES,1
85902,WORRY,1
85903,WORRYING,1
85906,WORSE,1
85907,WORSEN,1
85908,WORSENED,1
85909,WORSENING,1
85910,WORSENS,1
85923,WORST,1
85936,WORTHLESS,1
86060,WRITEDOWN,1
86061,WRITEDOWNS,1
86062,WRITEOFF,1
86063,WRITEOFFS,1
86077,WRONG,1
86080,WRONGDOING,1
86081,WRONGDOINGS,1
86085,WRONGFUL,1
86086,WRONGFULLY,1
86094,WRONGLY,1
